CUST048,TXN0112,Agriculture,Live_Cattle,2024-01-02,1214,12.49,15162.86
CUST116,TXN0446,Agriculture,Live_Cattle,2024-01-02,1639,9.18,15046.02
CUST128,TXN0605,Agriculture,Wheat,2024-01-02,725,14.19,10287.75
CUST136,TXN0535,Agriculture,Soybeans,2024-01-04,4092,7.93,32449.56
CUST032,TXN0105,Agriculture,Soybeans,2024-01-05,3282,13.29,43617.78
CUST096,TXN0722,Options,Gold_Put,2024-01-05,4,39.2,156.8
CUST093,TXN0019,Futures,Natural_Gas,2024-01-07,3,2921.23,8763.69
CUST064,TXN0424,Agriculture,Lean_Hogs,2024-01-07,1422,14.42,20505.24
CUST128,TXN0523,Agriculture,Lean_Hogs,2024-01-08,3421,11.37,38896.77
CUST122,TXN0013,Agriculture,Corn,2024-01-09,4812,7.48,35993.76
CUST109,TXN0071,Agriculture,Lean_Hogs,2024-01-11,2284,13.82,31564.88
CUST141,TXN0092,Futures,Crude_Oil,2024-01-11,8,4820.75,38566
CUST030,TXN0183,Options,Oil_Call,2024-01-11,14,22.97,321.58
CUST113,TXN0410,Options,Treasury_Put,2024-01-11,16,38.26,612.16
CUST140,TXN0596,Agriculture,Wheat,2024-01-11,1108,10.53,11667.24
CUST023,TXN0175,Options,Treasury_Put,2024-01-12,14,8.26,115.64
CUST104,TXN0349,Agriculture,Lean_Hogs,2024-01-12,4908,6.6,32392.8
CUST125,TXN0470,Agriculture,Live_Cattle,2024-01-12,1404,6.59,9252.36
CUST017,TXN0289,Agriculture,Corn,2024-01-13,3638,3.33,12114.54
CUST105,TXN0335,Options,Treasury_Put,2024-01-13,13,16.53,214.89
CUST033,TXN0066,Options,Oil_Call,2024-01-14,19,40.67,772.73
CUST001,TXN0444,Options,Treasury_Put,2024-01-14,5,36.54,182.7
CUST053,TXN0032,Agriculture,Soybeans,2024-01-15,2979,5.22,15550.38
CUST028,TXN0631,Futures,Crude_Oil,2024-01-15,6,1845.37,11072.22
CUST067,TXN0191,Options,Gold_Put,2024-01-17,17,9.56,162.52
CUST004,TXN0623,Options,S&P500_Call,2024-01-17,21,8.64,181.44
CUST003,TXN0633,Options,Gold_Put,2024-01-17,21,28.03,588.63
CUST067,TXN0139,Futures,Corn,2024-01-21,8,2210.33,17682.64
CUST105,TXN0231,Futures,Crude_Oil,2024-01-21,5,1879.45,9397.25
CUST085,TXN0363,Agriculture,Live_Cattle,2024-01-21,4819,8.52,41057.88
CUST044,TXN0576,Futures,Crude_Oil,2024-01-21,5,2691.15,13455.75
CUST034,TXN0731,Options,S&P500_Call,2024-01-21,17,44.9,763.3
CUST029,TXN0028,Futures,Crude_Oil,2024-01-22,7,3884.73,27193.11
CUST102,TXN0131,Agriculture,Wheat,2024-01-22,4683,4.59,21494.97
CUST077,TXN0310,Options,Oil_Call,2024-01-22,15,8.95,134.25
CUST126,TXN0235,Futures,Crude_Oil,2024-01-23,2,2760.31,5520.62
CUST062,TXN0634,Options,S&P500_Call,2024-01-23,19,48.86,928.34
CUST091,TXN0065,Options,Oil_Call,2024-01-24,19,4.01,76.19
CUST096,TXN0323,Options,Treasury_Put,2024-01-24,8,48.87,390.96
CUST077,TXN0161,Futures,Natural_Gas,2024-01-25,10,2167.27,21672.7
CUST093,TXN0285,Agriculture,Corn,2024-01-25,1939,13.61,26389.79
CUST059,TXN0119,Futures,Corn,2024-01-26,3,1031.42,3094.26
CUST111,TXN0295,Futures,Crude_Oil,2024-01-27,9,3403.94,30635.46
CUST089,TXN0545,Agriculture,Corn,2024-01-27,2037,12.21,24871.77
CUST126,TXN0137,Futures,Natural_Gas,2024-01-28,8,4272.52,34180.16
CUST038,TXN0306,Futures,Gold,2024-01-28,9,2560.18,23041.62
CUST033,TXN0515,Futures,Corn,2024-01-28,5,2859.43,14297.15
CUST016,TXN0662,Options,Treasury_Put,2024-01-28,7,48.95,342.65
CUST071,TXN0099,Options,Treasury_Put,2024-01-29,19,13.46,255.74
CUST042,TXN0595,Options,Oil_Call,2024-01-29,8,24.47,195.76
CUST023,TXN0250,Futures,S&P500,2024-01-31,3,4763.22,14289.66
CUST114,TXN0302,Futures,Gold,2024-01-31,1,731.48,731.48
CUST053,TXN0746,Agriculture,Corn,2024-01-31,4151,3.9,16188.9
CUST061,TXN0254,Options,Treasury_Put,2024-02-01,9,47.52,427.68
CUST113,TXN0292,Futures,Corn,2024-02-01,2,2915.73,5831.46
CUST147,TXN0351,Options,Treasury_Put,2024-02-02,13,11.01,143.13
CUST016,TXN0030,Options,S&P500_Call,2024-02-03,2,45.52,91.04
CUST009,TXN0293,Options,Oil_Call,2024-02-03,23,44.61,1026.03
CUST126,TXN0326,Futures,Crude_Oil,2024-02-03,10,3934.09,39340.9
CUST098,TXN0403,Agriculture,Wheat,2024-02-03,149,5.2,774.8
CUST063,TXN0011,Futures,Crude_Oil,2024-02-04,8,3835.36,30682.88
CUST042,TXN0034,Agriculture,Lean_Hogs,2024-02-04,4771,5.9,28148.9
CUST128,TXN0053,Futures,Gold,2024-02-04,1,197.13,197.13
CUST096,TXN0417,Options,Treasury_Put,2024-02-06,19,16.08,305.52
CUST092,TXN0500,Options,Gold_Put,2024-02-08,14,36.73,514.22
CUST115,TXN0526,Futures,Natural_Gas,2024-02-08,3,4523.8,13571.4
CUST010,TXN0640,Options,Gold_Put,2024-02-10,15,8.43,126.45
CUST078,TXN0733,Options,Oil_Call,2024-02-10,13,37.93,493.09
CUST117,TXN0223,Futures,Gold,2024-02-11,7,3572.62,25008.34
CUST030,TXN0425,Futures,Corn,2024-02-11,10,2018.45,20184.5
CUST114,TXN0448,Futures,Natural_Gas,2024-02-11,10,2448.45,24484.5
CUST093,TXN0041,Agriculture,Wheat,2024-02-12,432,9.69,4186.08
CUST119,TXN0165,Futures,Gold,2024-02-12,1,4222.4,4222.4
CUST055,TXN0663,Futures,Corn,2024-02-12,3,1385.75,4157.25
CUST027,TXN0046,Options,Treasury_Put,2024-02-13,22,26.61,585.42
CUST089,TXN0212,Agriculture,Live_Cattle,2024-02-13,2570,12.3,31611
CUST042,TXN0493,Futures,Natural_Gas,2024-02-13,1,1320.96,1320.96
CUST091,TXN0534,Futures,Crude_Oil,2024-02-13,4,2182.48,8729.92
CUST096,TXN0562,Futures,S&P500,2024-02-14,7,1089.66,7627.62
CUST112,TXN0681,Agriculture,Wheat,2024-02-14,912,11.43,10424.16
CUST103,TXN0120,Agriculture,Live_Cattle,2024-02-15,1322,10.2,13484.4
CUST058,TXN0459,Options,S&P500_Call,2024-02-15,4,15.26,61.04
CUST052,TXN0382,Futures,S&P500,2024-02-16,4,4548.34,18193.36
CUST050,TXN0552,Futures,Corn,2024-02-16,4,137.42,549.68
CUST081,TXN0520,Futures,Crude_Oil,2024-02-17,4,429.63,1718.52
CUST067,TXN0695,Agriculture,Soybeans,2024-02-17,1769,14.38,25438.22
CUST032,TXN0702,Futures,Gold,2024-02-17,3,1448.19,4344.57
CUST058,TXN0078,Agriculture,Corn,2024-02-18,4836,11.61,56145.96
CUST135,TXN0510,Agriculture,Wheat,2024-02-18,4110,10.07,41387.7
CUST002,TXN0439,Agriculture,Lean_Hogs,2024-02-19,442,12.47,5511.74
CUST020,TXN0645,Futures,Natural_Gas,2024-02-19,8,3157.56,25260.48
CUST022,TXN0337,Options,S&P500_Call,2024-02-20,8,39.51,316.08
CUST136,TXN0511,Options,Oil_Call,2024-02-20,20,28.03,560.6
CUST046,TXN0318,Futures,Crude_Oil,2024-02-21,5,921.58,4607.9
CUST103,TXN0443,Options,S&P500_Call,2024-02-21,11,48.79,536.69
CUST090,TXN0449,Options,Treasury_Put,2024-02-21,23,49.36,1135.28
CUST025,TXN0638,Options,Treasury_Put,2024-02-21,17,44.93,763.81
CUST031,TXN0047,Futures,Corn,2024-02-22,10,2033.09,20330.9
CUST029,TXN0600,Options,Gold_Put,2024-02-22,8,49.55,396.4
CUST117,TXN0735,Options,S&P500_Call,2024-02-22,20,42.31,846.2
CUST027,TXN0682,Futures,Crude_Oil,2024-02-23,7,3100.49,21703.43
CUST008,TXN0736,Futures,Crude_Oil,2024-02-23,3,4136.01,12408.03
CUST139,TXN0453,Futures,Gold,2024-02-24,2,1097.62,2195.24
CUST066,TXN0582,Futures,Natural_Gas,2024-02-24,10,3303.72,33037.2
CUST079,TXN0428,Agriculture,Live_Cattle,2024-02-25,828,12.03,9960.84
CUST137,TXN0657,Options,S&P500_Call,2024-02-25,24,5.21,125.04
CUST115,TXN0717,Options,Oil_Call,2024-02-25,20,40.98,819.6
CUST103,TXN0113,Futures,S&P500,2024-02-26,2,1602.92,3205.84
CUST067,TXN0216,Futures,S&P500,2024-02-26,9,3646.22,32815.98
CUST112,TXN0539,Futures,S&P500,2024-02-26,4,4423.7,17694.8
CUST048,TXN0559,Options,Treasury_Put,2024-02-27,10,18.82,188.2
CUST066,TXN0088,Agriculture,Lean_Hogs,2024-02-28,2053,5.83,11968.99
CUST091,TXN0164,Options,S&P500_Call,2024-02-28,1,38.66,38.66
CUST007,TXN0248,Agriculture,Wheat,2024-02-28,845,7.58,6405.1
CUST088,TXN0659,Agriculture,Live_Cattle,2024-02-28,4001,5.55,22205.55
CUST142,TXN0023,Agriculture,Corn,2024-02-29,725,8.01,5807.25
CUST009,TXN0230,Agriculture,Soybeans,2024-03-01,3125,14.33,44781.25
CUST044,TXN0321,Agriculture,Lean_Hogs,2024-03-01,635,13.58,8623.3
CUST078,TXN0575,Futures,S&P500,2024-03-01,9,3555.86,32002.74
CUST063,TXN0616,Futures,Gold,2024-03-01,3,326.54,979.62
CUST017,TXN0192,Options,Treasury_Put,2024-03-02,8,6.58,52.64
CUST026,TXN0199,Futures,S&P500,2024-03-03,3,1706.31,5118.93
CUST056,TXN0369,Options,Treasury_Put,2024-03-03,18,49.63,893.34
CUST114,TXN0483,Options,S&P500_Call,2024-03-03,3,6.88,20.64
CUST007,TXN0009,Futures,Gold,2024-03-04,8,1350.25,10802
CUST016,TXN0217,Options,Oil_Call,2024-03-04,12,31.72,380.64
CUST044,TXN0376,Futures,Natural_Gas,2024-03-04,5,547.55,2737.75
CUST045,TXN0280,Futures,Natural_Gas,2024-03-06,2,684.82,1369.64
CUST037,TXN0228,Agriculture,Soybeans,2024-03-07,3849,8.82,33948.18
CUST117,TXN0750,Agriculture,Soybeans,2024-03-07,965,13.17,12709.05
CUST106,TXN0115,Options,Treasury_Put,2024-03-09,24,24.44,586.56
CUST095,TXN0126,Agriculture,Live_Cattle,2024-03-09,3941,4.03,15882.23
CUST034,TXN0024,Futures,Corn,2024-03-12,6,1773.64,10641.84
CUST018,TXN0264,Options,S&P500_Call,2024-03-12,4,20.37,81.48
CUST003,TXN0314,Futures,S&P500,2024-03-13,2,198.59,397.18
CUST026,TXN0498,Agriculture,Corn,2024-03-13,1640,5.85,9594
CUST052,TXN0361,Agriculture,Live_Cattle,2024-03-14,160,6.31,1009.6
CUST012,TXN0592,Futures,Gold,2024-03-14,5,3862.08,19310.4
CUST140,TXN0101,Options,Treasury_Put,2024-03-15,9,34.45,310.05
CUST056,TXN0124,Options,Gold_Put,2024-03-15,14,21.5,301
CUST105,TXN0204,Options,Oil_Call,2024-03-15,15,47.24,708.6
CUST123,TXN0607,Futures,Crude_Oil,2024-03-15,5,2910.32,14551.6
CUST072,TXN0660,Options,S&P500_Call,2024-03-15,16,27.71,443.36
CUST038,TXN0465,Options,Gold_Put,2024-03-16,15,25.49,382.35
CUST038,TXN0670,Options,Oil_Call,2024-03-16,15,1.7,25.5
CUST020,TXN0620,Futures,Natural_Gas,2024-03-17,7,4163.79,29146.53
CUST096,TXN0202,Agriculture,Live_Cattle,2024-03-18,2110,7.33,15466.3
CUST075,TXN0468,Agriculture,Live_Cattle,2024-03-19,2829,3.71,10495.59
CUST096,TXN0504,Agriculture,Lean_Hogs,2024-03-19,3538,10.26,36299.88
CUST062,TXN0689,Futures,Corn,2024-03-19,1,211.74,211.74
CUST024,TXN0696,Futures,Corn,2024-03-19,10,107.11,1071.1
CUST033,TXN0514,Options,S&P500_Call,2024-03-20,23,34.65,796.95
CUST034,TXN0544,Futures,Crude_Oil,2024-03-20,3,3973.93,11921.79
CUST023,TXN0188,Agriculture,Live_Cattle,2024-03-21,1734,4.55,7889.7
CUST053,TXN0087,Options,Oil_Call,2024-03-23,21,41.36,868.56
CUST106,TXN0109,Options,Treasury_Put,2024-03-23,4,43.96,175.84
CUST063,TXN0375,Agriculture,Live_Cattle,2024-03-23,2386,4.68,11166.48
CUST025,TXN0647,Options,Oil_Call,2024-03-23,10,9.32,93.2
CUST109,TXN0227,Options,Treasury_Put,2024-03-24,14,36.85,515.9
CUST105,TXN0418,Futures,Crude_Oil,2024-03-24,10,1954.89,19548.9
CUST130,TXN0406,Futures,Corn,2024-03-25,5,3638.7,18193.5
CUST014,TXN0666,Futures,Corn,2024-03-25,5,1742.99,8714.95
CUST137,TXN0169,Futures,Crude_Oil,2024-03-28,1,2004.92,2004.92
CUST102,TXN0278,Futures,S&P500,2024-03-28,8,2867.06,22936.48
CUST128,TXN0391,Futures,Natural_Gas,2024-03-28,10,3966.74,39667.4
CUST032,TXN0494,Agriculture,Wheat,2024-03-28,4559,7.36,33554.24
CUST012,TXN0728,Options,Treasury_Put,2024-03-28,15,6.84,102.6
CUST114,TXN0025,Agriculture,Lean_Hogs,2024-03-29,2902,12.16,35288.32
CUST057,TXN0509,Options,S&P500_Call,2024-03-30,4,39.35,157.4
CUST107,TXN0432,Agriculture,Wheat,2024-03-31,1497,11.8,17664.6
CUST003,TXN0581,Options,Gold_Put,2024-03-31,9,36.79,331.11
CUST054,TXN0469,Agriculture,Soybeans,2024-04-01,530,11.4,6042
CUST044,TXN0478,Futures,Crude_Oil,2024-04-01,8,1810.14,14481.12
CUST018,TXN0648,Options,Oil_Call,2024-04-01,3,18.32,54.96
CUST038,TXN0141,Futures,S&P500,2024-04-02,5,513.21,2566.05
CUST122,TXN0244,Agriculture,Corn,2024-04-02,4456,4.44,19784.64
CUST013,TXN0512,Futures,S&P500,2024-04-02,7,4735.23,33146.61
CUST105,TXN0720,Options,Oil_Call,2024-04-02,4,20.52,82.08
CUST108,TXN0234,Futures,S&P500,2024-04-03,4,4450.83,17803.32
CUST072,TXN0556,Options,Treasury_Put,2024-04-03,2,13.1,26.2
CUST130,TXN0037,Agriculture,Live_Cattle,2024-04-04,4928,7.4,36467.2
CUST038,TXN0586,Options,S&P500_Call,2024-04-04,15,25.3,379.5
CUST116,TXN0665,Options,Gold_Put,2024-04-04,9,33.81,304.29
CUST098,TXN0698,Futures,Gold,2024-04-05,6,4917.9,29507.4
CUST139,TXN0243,Agriculture,Corn,2024-04-06,4374,14.49,63379.26
CUST055,TXN0747,Futures,Gold,2024-04-06,7,2367.34,16571.38
CUST117,TXN0122,Agriculture,Live_Cattle,2024-04-07,1764,4.42,7796.88
CUST102,TXN0172,Options,S&P500_Call,2024-04-07,1,7.13,7.13
CUST038,TXN0174,Agriculture,Soybeans,2024-04-07,4512,8.23,37133.76
CUST051,TXN0339,Agriculture,Wheat,2024-04-07,2348,6,14088
CUST083,TXN0737,Agriculture,Live_Cattle,2024-04-07,821,5.72,4696.12
CUST080,TXN0242,Agriculture,Corn,2024-04-08,797,10.73,8551.81
CUST046,TXN0273,Agriculture,Corn,2024-04-08,3134,4.5,14103
CUST067,TXN0281,Agriculture,Soybeans,2024-04-08,2347,13.57,31848.79
CUST005,TXN0383,Options,S&P500_Call,2024-04-08,11,49.48,544.28
CUST072,TXN0286,Options,Treasury_Put,2024-04-09,13,16.5,214.5
CUST007,TXN0372,Futures,Corn,2024-04-09,7,1936.72,13557.04
CUST003,TXN0636,Options,Oil_Call,2024-04-09,17,47.98,815.66
CUST124,TXN0414,Futures,S&P500,2024-04-10,8,726.45,5811.6
CUST055,TXN0685,Futures,Corn,2024-04-10,2,2780.36,5560.72
CUST067,TXN0116,Futures,Natural_Gas,2024-04-11,5,4142.5,20712.5
CUST045,TXN0006,Agriculture,Live_Cattle,2024-04-12,1221,11.52,14065.92
CUST044,TXN0048,Futures,S&P500,2024-04-12,6,4877.28,29263.68
CUST020,TXN0056,Agriculture,Lean_Hogs,2024-04-13,3917,12.21,47826.57
CUST087,TXN0075,Futures,Natural_Gas,2024-04-13,7,1532.63,10728.41
CUST125,TXN0090,Agriculture,Live_Cattle,2024-04-13,403,8.06,3248.18
CUST109,TXN0307,Options,Gold_Put,2024-04-13,21,48.85,1025.85
CUST126,TXN0404,Futures,Gold,2024-04-14,3,307.93,923.79
CUST069,TXN0123,Options,Treasury_Put,2024-04-15,14,19.72,276.08
CUST011,TXN0197,Agriculture,Corn,2024-04-15,1067,5,5335
CUST115,TXN0492,Options,S&P500_Call,2024-04-15,19,2.92,55.48
CUST099,TXN0572,Agriculture,Live_Cattle,2024-04-15,2324,7.81,18150.44
CUST098,TXN0583,Agriculture,Wheat,2024-04-15,4612,13.44,61985.28
CUST107,TXN0003,Futures,Natural_Gas,2024-04-16,3,3009.78,9029.34
CUST039,TXN0343,Options,Gold_Put,2024-04-17,24,12.12,290.88
CUST036,TXN0475,Options,Treasury_Put,2024-04-17,5,15.26,76.3
CUST081,TXN0497,Agriculture,Wheat,2024-04-17,4282,10.27,43976.14
CUST116,TXN0167,Agriculture,Wheat,2024-04-18,1633,7.1,11594.3
CUST011,TXN0557,Futures,Crude_Oil,2024-04-18,6,3319.13,19914.78
CUST062,TXN0632,Options,Gold_Put,2024-04-18,3,27.54,82.62
CUST044,TXN0036,Agriculture,Corn,2024-04-19,908,14.68,13329.44
CUST128,TXN0076,Agriculture,Corn,2024-04-19,4489,13.08,58716.12
CUST061,TXN0098,Options,Gold_Put,2024-04-19,6,8.07,48.42
CUST024,TXN0224,Futures,Corn,2024-04-19,8,4448.12,35584.96
CUST083,TXN0721,Options,Gold_Put,2024-04-20,3,18.53,55.59
CUST132,TXN0710,Futures,Gold,2024-04-21,2,4341.03,8682.06
CUST012,TXN0316,Futures,Gold,2024-04-22,3,1029.23,3087.69
CUST097,TXN0627,Futures,Gold,2024-04-22,1,2031.99,2031.99
CUST088,TXN0021,Futures,Crude_Oil,2024-04-23,9,1128.49,10156.41
CUST150,TXN0008,Options,Treasury_Put,2024-04-24,15,28.4,426
CUST035,TXN0456,Agriculture,Live_Cattle,2024-04-24,2826,4.09,11558.34
CUST097,TXN0655,Futures,Natural_Gas,2024-04-24,2,2026.44,4052.88
CUST074,TXN0518,Options,Treasury_Put,2024-04-27,23,26.51,609.73
CUST042,TXN0184,Options,Gold_Put,2024-04-28,15,23.99,359.85
CUST045,TXN0693,Options,Oil_Call,2024-04-28,14,26.35,368.9
CUST098,TXN0395,Agriculture,Soybeans,2024-04-29,208,9.04,1880.32
CUST098,TXN0458,Agriculture,Lean_Hogs,2024-04-29,3679,14.59,53676.61
CUST094,TXN0094,Agriculture,Corn,2024-04-30,1251,7.76,9707.76
CUST101,TXN0106,Options,Oil_Call,2024-04-30,25,5.42,135.5
CUST033,TXN0405,Futures,Gold,2024-04-30,4,2983.52,11934.08
CUST032,TXN0437,Options,S&P500_Call,2024-04-30,19,17.77,337.63
CUST149,TXN0096,Agriculture,Wheat,2024-05-01,839,8.96,7517.44
CUST076,TXN0398,Futures,Gold,2024-05-01,1,1909.95,1909.95
CUST146,TXN0367,Futures,Corn,2024-05-02,1,3508.29,3508.29
CUST039,TXN0480,Agriculture,Live_Cattle,2024-05-03,1073,5.94,6373.62
CUST015,TXN0421,Agriculture,Live_Cattle,2024-05-04,2121,14.12,29948.52
CUST052,TXN0200,Options,Treasury_Put,2024-05-05,1,38.69,38.69
CUST053,TXN0259,Futures,S&P500,2024-05-05,3,2725.18,8175.54
CUST068,TXN0317,Agriculture,Soybeans,2024-05-05,4642,7.08,32865.36
CUST041,TXN0619,Futures,Gold,2024-05-05,2,1857.96,3715.92
CUST062,TXN0699,Agriculture,Soybeans,2024-05-05,4486,6.56,29428.16
CUST049,TXN0324,Agriculture,Wheat,2024-05-06,2784,12.48,34744.32
CUST081,TXN0505,Options,Treasury_Put,2024-05-06,20,2.27,45.4
CUST008,TXN0125,Options,Oil_Call,2024-05-07,15,12.54,188.1
CUST077,TXN0081,Options,Oil_Call,2024-05-08,13,10.8,140.4
CUST009,TXN0103,Agriculture,Corn,2024-05-09,2063,11.29,23291.27
CUST106,TXN0163,Futures,Corn,2024-05-09,10,3321.23,33212.3
CUST133,TXN0426,Futures,Corn,2024-05-09,7,870.83,6095.81
CUST017,TXN0719,Options,Gold_Put,2024-05-09,17,44.58,757.86
CUST026,TXN0249,Agriculture,Soybeans,2024-05-10,1596,6.42,10246.32
CUST038,TXN0423,Options,Treasury_Put,2024-05-10,5,47.27,236.35
CUST089,TXN0708,Options,S&P500_Call,2024-05-10,24,8.76,210.24
CUST026,TXN0252,Options,Gold_Put,2024-05-12,11,21.23,233.53
CUST003,TXN0574,Agriculture,Live_Cattle,2024-05-12,4401,9.05,39829.05
CUST095,TXN0738,Agriculture,Corn,2024-05-12,530,14.21,7531.3
CUST072,TXN0135,Agriculture,Wheat,2024-05-14,2417,14.11,34103.87
CUST131,TXN0548,Futures,Gold,2024-05-14,2,1441.64,2883.28
CUST095,TXN0579,Options,S&P500_Call,2024-05-15,18,47.37,852.66
CUST012,TXN0739,Futures,Crude_Oil,2024-05-15,2,4738.37,9476.74
CUST122,TXN0201,Options,Oil_Call,2024-05-16,3,25.75,77.25
CUST133,TXN0083,Futures,Natural_Gas,2024-05-17,8,2521.06,20168.48
CUST077,TXN0537,Options,Treasury_Put,2024-05-17,18,44.72,804.96
CUST078,TXN0604,Agriculture,Wheat,2024-05-18,951,7.18,6828.18
CUST043,TXN0630,Futures,S&P500,2024-05-18,4,3250.9,13003.6
CUST085,TXN0740,Agriculture,Lean_Hogs,2024-05-18,3209,12.5,40112.5
CUST075,TXN0261,Agriculture,Soybeans,2024-05-19,4050,3.01,12190.5
CUST088,TXN0266,Agriculture,Wheat,2024-05-19,3808,14.76,56206.08
CUST074,TXN0408,Agriculture,Live_Cattle,2024-05-19,1749,14.61,25552.89
CUST097,TXN0482,Agriculture,Corn,2024-05-20,3230,12.33,39825.9
CUST039,TXN0551,Futures,Crude_Oil,2024-05-20,1,704.86,704.86
CUST104,TXN0049,Futures,Gold,2024-05-22,8,4198.64,33589.12
CUST142,TXN0209,Options,Oil_Call,2024-05-23,1,45.55,45.55
CUST057,TXN0276,Futures,Corn,2024-05-23,1,4838.12,4838.12
CUST136,TXN0743,Futures,Natural_Gas,2024-05-23,8,2415.74,19325.92
CUST026,TXN0035,Agriculture,Corn,2024-05-24,1669,9.35,15605.15
CUST101,TXN0472,Options,S&P500_Call,2024-05-24,10,26.86,268.6
CUST088,TXN0546,Options,S&P500_Call,2024-05-24,10,22.28,222.8
CUST128,TXN0145,Agriculture,Corn,2024-05-25,312,13.65,4258.8
CUST007,TXN0355,Futures,Gold,2024-05-25,7,393.98,2757.86
CUST102,TXN0687,Futures,S&P500,2024-05-25,9,3921.87,35296.83
CUST146,TXN0724,Options,Gold_Put,2024-05-25,13,28.52,370.76
CUST084,TXN0729,Agriculture,Live_Cattle,2024-05-25,274,5.84,1600.16
CUST005,TXN0730,Agriculture,Lean_Hogs,2024-05-25,3882,14.86,57686.52
CUST036,TXN0650,Futures,Natural_Gas,2024-05-26,6,2466.88,14801.28
CUST080,TXN0043,Agriculture,Live_Cattle,2024-05-28,3436,5.71,19619.56
CUST006,TXN0569,Futures,Natural_Gas,2024-05-28,3,1407.04,4221.12
CUST063,TXN0654,Agriculture,Lean_Hogs,2024-05-28,962,3.1,2982.2
CUST121,TXN0177,Futures,Corn,2024-05-30,4,2946.87,11787.48
CUST064,TXN0529,Agriculture,Corn,2024-05-30,4057,6.48,26289.36
CUST024,TXN0364,Options,Treasury_Put,2024-06-01,23,17.99,413.77
CUST015,TXN0532,Options,S&P500_Call,2024-06-01,11,31.16,342.76
CUST143,TXN0734,Options,Treasury_Put,2024-06-01,13,31,403
CUST047,TXN0621,Options,Gold_Put,2024-06-02,23,37.66,866.18
CUST048,TXN0007,Options,Oil_Call,2024-06-03,2,28.14,56.28
CUST012,TXN0130,Futures,S&P500,2024-06-03,7,2547.48,17832.36
CUST095,TXN0390,Futures,Crude_Oil,2024-06-03,7,4433.03,31031.21
CUST130,TXN0451,Futures,Gold,2024-06-03,2,2514.73,5029.46
CUST126,TXN0189,Futures,Corn,2024-06-04,8,4718.12,37744.96
CUST134,TXN0232,Futures,Crude_Oil,2024-06-04,6,1888.76,11332.56
CUST026,TXN0257,Futures,Natural_Gas,2024-06-04,3,3275.18,9825.54
CUST051,TXN0407,Futures,Corn,2024-06-04,4,923.36,3693.44
CUST008,TXN0347,Options,Gold_Put,2024-06-05,5,29.3,146.5
CUST117,TXN0625,Agriculture,Wheat,2024-06-05,4211,14.03,59080.33
CUST018,TXN0359,Options,Gold_Put,2024-06-07,7,7.37,51.59
CUST111,TXN0360,Agriculture,Live_Cattle,2024-06-07,4811,4.91,23622.01
CUST145,TXN0635,Options,S&P500_Call,2024-06-07,3,3.35,10.05
CUST139,TXN0214,Options,Gold_Put,2024-06-08,18,5.55,99.9
CUST109,TXN0288,Futures,Gold,2024-06-08,6,1024.54,6147.24
CUST120,TXN0345,Agriculture,Live_Cattle,2024-06-09,803,7.09,5693.27
CUST068,TXN0136,Agriculture,Wheat,2024-06-10,1451,8.23,11941.73
CUST057,TXN0464,Futures,Corn,2024-06-10,8,95.48,763.84
CUST126,TXN0100,Agriculture,Wheat,2024-06-11,1025,11.4,11685
CUST143,TXN0265,Options,Treasury_Put,2024-06-11,17,11.33,192.61
CUST035,TXN0393,Options,Gold_Put,2024-06-11,23,32.13,738.99
CUST102,TXN0658,Options,Gold_Put,2024-06-11,3,20.67,62.01
CUST020,TXN0726,Agriculture,Live_Cattle,2024-06-11,3665,11.19,41011.35
CUST044,TXN0741,Futures,Natural_Gas,2024-06-12,3,2330.43,6991.29
CUST032,TXN0146,Options,Oil_Call,2024-06-14,4,29.93,119.72
CUST043,TXN0385,Futures,Corn,2024-06-14,6,2586.88,15521.28
CUST110,TXN0387,Futures,Gold,2024-06-14,6,1108.21,6649.26
CUST050,TXN0473,Agriculture,Lean_Hogs,2024-06-14,1172,7.73,9059.56
CUST118,TXN0238,Options,Treasury_Put,2024-06-15,24,8.3,199.2
CUST102,TXN0373,Futures,Crude_Oil,2024-06-16,3,1290.5,3871.5
CUST025,TXN0560,Agriculture,Corn,2024-06-18,1167,11.2,13070.4
CUST031,TXN0338,Futures,S&P500,2024-06-19,4,239.49,957.96
CUST105,TXN0507,Futures,S&P500,2024-06-19,6,3218.88,19313.28
CUST120,TXN0309,Agriculture,Wheat,2024-06-20,4737,13.22,62623.14
CUST022,TXN0069,Agriculture,Corn,2024-06-21,1037,13.43,13926.91
CUST149,TXN0132,Futures,S&P500,2024-06-22,8,890.84,7126.72
CUST003,TXN0205,Agriculture,Lean_Hogs,2024-06-22,794,14.32,11370.08
CUST006,TXN0319,Agriculture,Soybeans,2024-06-22,1009,7.55,7617.95
CUST127,TXN0528,Options,Gold_Put,2024-06-22,4,19.29,77.16
CUST048,TXN0157,Options,Treasury_Put,2024-06-23,17,5.55,94.35
CUST086,TXN0290,Options,Gold_Put,2024-06-23,8,6.28,50.24
CUST146,TXN0707,Agriculture,Lean_Hogs,2024-06-24,1060,13.26,14055.6
CUST141,TXN0471,Options,Oil_Call,2024-06-27,16,21.7,347.2
CUST143,TXN0614,Options,Gold_Put,2024-06-27,2,46.12,92.24
CUST049,TXN0674,Options,Gold_Put,2024-06-27,7,30.45,213.15
CUST033,TXN0712,Options,Oil_Call,2024-06-27,3,24.6,73.8
CUST145,TXN0220,Agriculture,Lean_Hogs,2024-06-28,2015,13.13,26456.95
CUST024,TXN0033,Futures,S&P500,2024-06-29,6,4746.52,28479.12
CUST024,TXN0608,Options,Gold_Put,2024-06-29,13,9.91,128.83
CUST128,TXN0677,Agriculture,Live_Cattle,2024-06-29,2981,7.97,23758.57
CUST016,TXN0129,Futures,S&P500,2024-06-30,8,4658.77,37270.16
CUST144,TXN0193,Futures,Corn,2024-06-30,6,1326.22,7957.32
CUST149,TXN0050,Agriculture,Wheat,2024-07-01,3378,12.08,40806.24
CUST061,TXN0190,Futures,Natural_Gas,2024-07-02,1,282.89,282.89
CUST046,TXN0336,Options,Gold_Put,2024-07-02,3,14.02,42.06
CUST064,TXN0222,Futures,S&P500,2024-07-03,4,2606.44,10425.76
CUST075,TXN0315,Options,Gold_Put,2024-07-03,25,31.94,798.5
CUST087,TXN0442,Options,Oil_Call,2024-07-03,8,49.97,399.76
CUST073,TXN0601,Options,S&P500_Call,2024-07-03,4,31.17,124.68
CUST142,TXN0104,Options,Oil_Call,2024-07-04,23,32.31,743.13
CUST097,TXN0313,Futures,Corn,2024-07-04,1,962.01,962.01
CUST056,TXN0476,Agriculture,Soybeans,2024-07-04,174,11.82,2056.68
CUST023,TXN0613,Futures,S&P500,2024-07-04,1,64.19,64.19
CUST110,TXN0555,Agriculture,Corn,2024-07-05,2305,6.65,15328.25
CUST054,TXN0675,Futures,Natural_Gas,2024-07-05,6,4777.77,28666.62
CUST080,TXN0154,Agriculture,Lean_Hogs,2024-07-07,887,4.58,4062.46
CUST069,TXN0156,Agriculture,Lean_Hogs,2024-07-07,3561,8.08,28772.88
CUST032,TXN0445,Agriculture,Wheat,2024-07-07,2136,14.41,30779.76
CUST102,TXN0585,Futures,Corn,2024-07-07,7,1197.03,8379.21
CUST037,TXN0617,Options,S&P500_Call,2024-07-09,14,35.11,491.54
CUST043,TXN0327,Agriculture,Live_Cattle,2024-07-10,4271,12.02,51337.42
CUST040,TXN0536,Agriculture,Wheat,2024-07-10,3338,5.71,19059.98
CUST107,TXN0236,Options,Oil_Call,2024-07-12,11,28.72,315.92
CUST028,TXN0436,Agriculture,Soybeans,2024-07-12,802,3.96,3175.92
CUST070,TXN0508,Futures,Gold,2024-07-12,2,1404.55,2809.1
CUST113,TXN0038,Agriculture,Corn,2024-07-13,3006,5.17,15541.02
CUST138,TXN0412,Futures,Natural_Gas,2024-07-13,5,3646.91,18234.55
CUST120,TXN0629,Options,Oil_Call,2024-07-13,13,32.98,428.74
CUST055,TXN0661,Options,S&P500_Call,2024-07-13,25,49.4,1235
CUST112,TXN0454,Agriculture,Corn,2024-07-15,2774,4.92,13648.08
CUST038,TXN0599,Options,Oil_Call,2024-07-15,22,12.07,265.54
CUST138,TXN0611,Agriculture,Live_Cattle,2024-07-15,1985,9.39,18639.15
CUST037,TXN0598,Futures,Gold,2024-07-16,7,168.8,1181.6
CUST103,TXN0152,Futures,Crude_Oil,2024-07-17,3,4269.11,12807.33
CUST032,TXN0272,Options,Treasury_Put,2024-07-17,12,41.55,498.6
CUST001,TXN0462,Options,S&P500_Call,2024-07-17,7,29.91,209.37
CUST043,TXN0061,Options,Treasury_Put,2024-07-18,23,7.59,174.57
CUST032,TXN0097,Options,Oil_Call,2024-07-18,24,41.78,1002.72
CUST084,TXN0251,Futures,Crude_Oil,2024-07-18,5,3580.84,17904.2
CUST045,TXN0388,Futures,Corn,2024-07-18,1,3287.26,3287.26
CUST033,TXN0543,Options,Treasury_Put,2024-07-18,24,25.59,614.16
CUST042,TXN0668,Agriculture,Live_Cattle,2024-07-18,4772,7.26,34644.72
CUST015,TXN0357,Options,S&P500_Call,2024-07-19,14,9.42,131.88
CUST026,TXN0694,Agriculture,Soybeans,2024-07-19,4826,9.05,43675.3
CUST020,TXN0703,Options,Oil_Call,2024-07-19,7,45.72,320.04
CUST138,TXN0488,Futures,Corn,2024-07-20,1,4073.7,4073.7
CUST068,TXN0530,Futures,Crude_Oil,2024-07-20,10,3703.23,37032.3
CUST073,TXN0588,Futures,S&P500,2024-07-20,3,856.45,2569.35
CUST023,TXN0239,Agriculture,Lean_Hogs,2024-07-21,2007,7.92,15895.44
CUST144,TXN0386,Agriculture,Soybeans,2024-07-21,4537,10.5,47638.5
CUST141,TXN0501,Options,Oil_Call,2024-07-23,6,19.71,118.26
CUST074,TXN0077,Options,S&P500_Call,2024-07-24,19,15.57,295.83
CUST124,TXN0329,Agriculture,Live_Cattle,2024-07-24,4861,8.69,42242.09
CUST091,TXN0533,Futures,Crude_Oil,2024-07-24,3,1781.12,5343.36
CUST077,TXN0341,Options,Oil_Call,2024-07-26,13,39.37,511.81
CUST015,TXN0093,Futures,S&P500,2024-07-27,2,3027.92,6055.84
CUST082,TXN0255,Options,Treasury_Put,2024-07-27,1,4.21,4.21
CUST128,TXN0671,Options,S&P500_Call,2024-07-27,22,39.81,875.82
CUST095,TXN0370,Futures,Crude_Oil,2024-07-28,6,2546.75,15280.5
CUST036,TXN0020,Agriculture,Wheat,2024-07-29,4072,7.48,30458.56
CUST088,TXN0067,Options,S&P500_Call,2024-07-29,12,21.98,263.76
CUST076,TXN0296,Options,Treasury_Put,2024-07-29,25,5.7,142.5
CUST136,TXN0203,Options,Gold_Put,2024-07-30,14,7.76,108.64
CUST121,TXN0686,Futures,S&P500,2024-07-30,8,4839.7,38717.6
CUST097,TXN0005,Futures,Crude_Oil,2024-07-31,5,2076.83,10384.15
CUST012,TXN0247,Options,S&P500_Call,2024-07-31,6,17.66,105.96
CUST012,TXN0597,Futures,Natural_Gas,2024-07-31,9,1518.86,13669.74
CUST087,TXN0732,Agriculture,Corn,2024-07-31,879,3.83,3366.57
CUST120,TXN0186,Futures,S&P500,2024-08-01,7,3628.83,25401.81
CUST035,TXN0015,Options,Gold_Put,2024-08-02,12,3.59,43.08
CUST093,TXN0615,Futures,S&P500,2024-08-03,9,2328.92,20960.28
CUST114,TXN0684,Agriculture,Lean_Hogs,2024-08-03,2474,12.67,31345.58
CUST094,TXN0527,Futures,Natural_Gas,2024-08-04,1,1798.79,1798.79
CUST107,TXN0002,Options,Oil_Call,2024-08-05,24,9.03,216.72
CUST059,TXN0027,Options,Gold_Put,2024-08-05,3,11.28,33.84
CUST142,TXN0162,Futures,Crude_Oil,2024-08-05,9,2591.4,23322.6
CUST003,TXN0348,Options,Oil_Call,2024-08-05,14,17.65,247.1
CUST069,TXN0441,Options,Treasury_Put,2024-08-07,20,38.09,761.8
CUST088,TXN0058,Agriculture,Lean_Hogs,2024-08-08,358,3.21,1149.18
CUST074,TXN0558,Options,Oil_Call,2024-08-08,4,45.52,182.08
CUST120,TXN0133,Futures,Crude_Oil,2024-08-09,9,1620.72,14586.48
CUST104,TXN0153,Options,Gold_Put,2024-08-09,16,6.91,110.56
CUST001,TXN0283,Options,S&P500_Call,2024-08-09,11,42.84,471.24
CUST011,TXN0334,Options,Oil_Call,2024-08-09,15,21.88,328.2
CUST080,TXN0716,Futures,Gold,2024-08-09,8,4771.12,38168.96
CUST095,TXN0121,Futures,Natural_Gas,2024-08-10,9,630.89,5678.01
CUST048,TXN0168,Futures,Natural_Gas,2024-08-10,2,1333.62,2667.24
CUST014,TXN0479,Futures,Natural_Gas,2024-08-10,10,3267.98,32679.8
CUST047,TXN0486,Options,Treasury_Put,2024-08-10,23,50,1150
CUST135,TXN0159,Agriculture,Lean_Hogs,2024-08-11,3935,4.01,15779.35
CUST142,TXN0713,Agriculture,Wheat,2024-08-11,4161,8.6,35784.6
CUST047,TXN0435,Futures,S&P500,2024-08-13,7,4915.59,34409.13
CUST031,TXN0059,Options,Treasury_Put,2024-08-14,13,16.41,213.33
CUST118,TXN0649,Options,Treasury_Put,2024-08-14,25,48.95,1223.75
CUST134,TXN0380,Agriculture,Corn,2024-08-15,2625,7.69,20186.25
CUST022,TXN0594,Futures,Gold,2024-08-15,10,2428.11,24281.1
CUST039,TXN0606,Agriculture,Soybeans,2024-08-16,3299,6.84,22565.16
CUST124,TXN0394,Futures,S&P500,2024-08-17,10,137.36,1373.6
CUST081,TXN0652,Options,S&P500_Call,2024-08-18,17,34.43,585.31
CUST150,TXN0330,Agriculture,Corn,2024-08-19,1762,5.49,9673.38
CUST040,TXN0147,Futures,Crude_Oil,2024-08-20,8,2328.15,18625.2
CUST006,TXN0282,Agriculture,Lean_Hogs,2024-08-20,4688,10.37,48614.56
CUST110,TXN0298,Agriculture,Lean_Hogs,2024-08-20,312,4.22,1316.64
CUST053,TXN0356,Futures,S&P500,2024-08-20,2,3314.87,6629.74
CUST049,TXN0589,Futures,Gold,2024-08-20,4,406.64,1626.56
CUST027,TXN0195,Agriculture,Corn,2024-08-22,3686,14.12,52046.32
CUST139,TXN0678,Options,Oil_Call,2024-08-22,6,6.56,39.36
CUST006,TXN0701,Agriculture,Lean_Hogs,2024-08-23,1008,13.4,13507.2
CUST067,TXN0014,Futures,Natural_Gas,2024-08-24,6,339.63,2037.78
CUST116,TXN0371,Futures,S&P500,2024-08-24,1,1076.49,1076.49
CUST039,TXN0089,Futures,Crude_Oil,2024-08-25,5,1265.65,6328.25
CUST060,TXN0297,Agriculture,Lean_Hogs,2024-08-25,3245,3.13,10156.85
CUST127,TXN0311,Futures,Crude_Oil,2024-08-26,4,3211.9,12847.6
CUST082,TXN0723,Agriculture,Corn,2024-08-26,1851,11.6,21471.6
CUST049,TXN0138,Futures,Crude_Oil,2024-08-28,1,1187.81,1187.81
CUST105,TXN0108,Futures,S&P500,2024-08-29,8,4338.9,34711.2
CUST124,TXN0409,Futures,S&P500,2024-08-29,3,2021.31,6063.93
CUST081,TXN0182,Agriculture,Corn,2024-08-30,3517,6.21,21840.57
CUST132,TXN0229,Agriculture,Corn,2024-08-30,3830,11.33,43393.9
CUST087,TXN0079,Options,S&P500_Call,2024-08-31,17,28.75,488.75
CUST132,TXN0155,Futures,Corn,2024-08-31,7,2254.94,15784.58
CUST089,TXN0513,Agriculture,Lean_Hogs,2024-09-01,3398,9.62,32688.76
CUST014,TXN0618,Agriculture,Corn,2024-09-01,704,10.95,7708.8
CUST129,TXN0639,Futures,Crude_Oil,2024-09-01,7,2956.52,20695.64
CUST127,TXN0522,Futures,Corn,2024-09-02,3,3401.31,10203.93
CUST029,TXN0173,Futures,Gold,2024-09-03,4,4302.11,17208.44
CUST141,TXN0452,Options,Gold_Put,2024-09-03,4,44.92,179.68
CUST030,TXN0176,Futures,Gold,2024-09-05,8,3706.97,29655.76
CUST056,TXN0531,Options,S&P500_Call,2024-09-06,20,46.84,936.8
CUST072,TXN0052,Futures,Corn,2024-09-07,5,584.78,2923.9
CUST142,TXN0354,Futures,Crude_Oil,2024-09-07,10,4141.05,41410.5
CUST102,TXN0430,Agriculture,Wheat,2024-09-08,1479,3.08,4555.32
CUST076,TXN0496,Agriculture,Lean_Hogs,2024-09-08,4827,8.34,40257.18
CUST081,TXN0040,Futures,Corn,2024-09-10,3,596.06,1788.18
CUST119,TXN0158,Agriculture,Soybeans,2024-09-10,1370,10.77,14754.9
CUST105,TXN0284,Options,S&P500_Call,2024-09-10,15,34.33,514.95
CUST032,TXN0467,Options,Treasury_Put,2024-09-10,7,31.92,223.44
CUST086,TXN0610,Futures,Gold,2024-09-11,9,1946.77,17520.93
CUST037,TXN0134,Options,S&P500_Call,2024-09-12,5,16.35,81.75
CUST093,TXN0198,Futures,S&P500,2024-09-12,9,3555.41,31998.69
CUST144,TXN0226,Agriculture,Live_Cattle,2024-09-12,4886,13.46,65765.56
CUST063,TXN0397,Agriculture,Corn,2024-09-12,3168,3.72,11784.96
CUST004,TXN0646,Futures,S&P500,2024-09-12,2,2758.32,5516.64
CUST082,TXN0727,Futures,Gold,2024-09-12,8,295.82,2366.56
CUST146,TXN0258,Options,Treasury_Put,2024-09-13,21,5.11,107.31
CUST096,TXN0433,Futures,Gold,2024-09-14,3,1030.2,3090.6
CUST073,TXN0466,Futures,Crude_Oil,2024-09-14,5,3014.46,15072.3
CUST118,TXN0517,Futures,Corn,2024-09-14,8,4931.92,39455.36
CUST031,TXN0568,Options,S&P500_Call,2024-09-14,17,24.66,419.22
CUST110,TXN0080,Futures,S&P500,2024-09-15,5,3988.48,19942.4
CUST122,TXN0237,Agriculture,Lean_Hogs,2024-09-15,1234,4.59,5664.06
CUST139,TXN0063,Agriculture,Live_Cattle,2024-09-16,1380,8.71,12019.8
CUST102,TXN0571,Options,S&P500_Call,2024-09-17,25,9.11,227.75
CUST122,TXN0051,Agriculture,Lean_Hogs,2024-09-18,4069,14.4,58593.6
CUST060,TXN0554,Futures,S&P500,2024-09-18,1,2159.08,2159.08
CUST142,TXN0180,Options,S&P500_Call,2024-09-19,16,24.89,398.24
CUST092,TXN0016,Futures,S&P500,2024-09-20,2,1493.74,2987.48
CUST109,TXN0495,Agriculture,Corn,2024-09-22,478,5.98,2858.44
CUST032,TXN0709,Futures,Natural_Gas,2024-09-22,1,196.3,196.3
CUST010,TXN0213,Agriculture,Wheat,2024-09-23,1132,7.68,8693.76
CUST109,TXN0463,Options,Oil_Call,2024-09-23,5,40.08,200.4
CUST137,TXN0084,Agriculture,Live_Cattle,2024-09-24,590,14.22,8389.8
CUST059,TXN0626,Options,Gold_Put,2024-09-24,3,14.32,42.96
CUST038,TXN0742,Agriculture,Live_Cattle,2024-09-24,1102,10.64,11725.28
CUST001,TXN0431,Futures,Crude_Oil,2024-09-25,7,3880.03,27160.21
CUST150,TXN0143,Futures,Natural_Gas,2024-09-26,1,4990.12,4990.12
CUST128,TXN0328,Agriculture,Live_Cattle,2024-09-26,3162,5.15,16284.3
CUST115,TXN0362,Futures,Corn,2024-09-26,4,3044,12176
CUST093,TXN0561,Agriculture,Wheat,2024-09-27,4924,11.92,58694.08
CUST022,TXN0602,Futures,Natural_Gas,2024-09-28,7,797.96,5585.72
CUST049,TXN0022,Agriculture,Lean_Hogs,2024-09-29,4406,11.28,49699.68
CUST088,TXN0565,Options,Treasury_Put,2024-09-30,7,49.49,346.43
CUST117,TXN0502,Futures,S&P500,2024-10-01,3,3398.8,10196.4
CUST007,TXN0401,Futures,S&P500,2024-10-03,4,1746.51,6986.04
CUST076,TXN0057,Agriculture,Live_Cattle,2024-10-04,2243,8.88,19917.84
CUST110,TXN0679,Options,Gold_Put,2024-10-04,6,28.08,168.48
CUST050,TXN0017,Agriculture,Soybeans,2024-10-05,1469,12.18,17892.42
CUST049,TXN0564,Futures,Corn,2024-10-06,2,4631.23,9262.46
CUST020,TXN0506,Options,S&P500_Call,2024-10-07,22,27.04,594.88
CUST043,TXN0521,Agriculture,Corn,2024-10-10,2441,4.02,9812.82
CUST122,TXN0269,Futures,Crude_Oil,2024-10-11,7,3379.9,23659.3
CUST031,TXN0491,Futures,Natural_Gas,2024-10-11,1,3491.32,3491.32
CUST109,TXN0128,Agriculture,Lean_Hogs,2024-10-12,880,6.07,5341.6
CUST049,TXN0346,Options,Treasury_Put,2024-10-12,15,11.27,169.05
CUST029,TXN0196,Futures,Natural_Gas,2024-10-14,2,3067.8,6135.6
CUST131,TXN0263,Options,S&P500_Call,2024-10-15,18,8.91,160.38
CUST142,TXN0279,Futures,Natural_Gas,2024-10-16,10,3377.27,33772.7
CUST146,TXN0350,Futures,Gold,2024-10-17,6,810.77,4864.62
CUST137,TXN0352,Options,Gold_Put,2024-10-18,11,24.26,266.86
CUST121,TXN0072,Agriculture,Corn,2024-10-19,3194,14.83,47367.02
CUST022,TXN0117,Options,Oil_Call,2024-10-19,13,9.91,128.83
CUST072,TXN0241,Agriculture,Corn,2024-10-19,303,13.39,4057.17
CUST061,TXN0331,Options,Gold_Put,2024-10-19,13,15.99,207.87
CUST099,TXN0450,Options,Gold_Put,2024-10-19,17,35.89,610.13
CUST096,TXN0690,Agriculture,Lean_Hogs,2024-10-19,1496,6.81,10187.76
CUST008,TXN0697,Agriculture,Lean_Hogs,2024-10-19,745,14.05,10467.25
CUST088,TXN0460,Agriculture,Lean_Hogs,2024-10-20,1051,14.25,14976.75
CUST126,TXN0484,Agriculture,Lean_Hogs,2024-10-20,4907,5.7,27969.9
CUST125,TXN0181,Futures,Crude_Oil,2024-10-22,7,2665.13,18655.91
CUST149,TXN0474,Futures,S&P500,2024-10-22,3,2314.79,6944.37
CUST005,TXN0245,Options,Gold_Put,2024-10-23,23,13.02,299.46
CUST002,TXN0219,Options,Oil_Call,2024-10-24,24,49.16,1179.84
CUST022,TXN0333,Options,Treasury_Put,2024-10-25,8,26.42,211.36
CUST065,TXN0262,Agriculture,Live_Cattle,2024-10-26,1842,14.99,27611.58
CUST014,TXN0325,Agriculture,Wheat,2024-10-26,4263,13.47,57422.61
CUST143,TXN0489,Agriculture,Lean_Hogs,2024-10-26,4350,8.86,38541
CUST097,TXN0253,Futures,Crude_Oil,2024-10-27,10,1052.67,10526.7
CUST088,TXN0305,Options,Oil_Call,2024-10-27,17,48.54,825.18
CUST078,TXN0427,Agriculture,Lean_Hogs,2024-10-27,3235,10.9,35261.5
CUST072,TXN0715,Options,S&P500_Call,2024-10-27,25,29.6,740
CUST115,TXN0225,Futures,S&P500,2024-10-28,7,3400.27,23801.89
CUST076,TXN0233,Options,S&P500_Call,2024-10-28,5,39.77,198.85
CUST114,TXN0246,Futures,Natural_Gas,2024-10-28,7,3053.93,21377.51
CUST077,TXN0499,Futures,Gold,2024-10-29,4,3030.61,12122.44
CUST051,TXN0029,Futures,Crude_Oil,2024-10-30,9,3975.62,35780.58
CUST090,TXN0068,Futures,Gold,2024-10-30,5,1275.69,6378.45
CUST134,TXN0215,Options,Gold_Put,2024-10-30,18,2.15,38.7
CUST147,TXN0485,Options,Oil_Call,2024-10-30,4,34.99,139.96
CUST041,TXN0114,Futures,Natural_Gas,2024-10-31,3,3582.14,10746.42
CUST133,TXN0299,Options,Gold_Put,2024-10-31,1,6.29,6.29
CUST098,TXN0411,Options,S&P500_Call,2024-10-31,10,38.18,381.8
CUST063,TXN0267,Agriculture,Wheat,2024-11-02,3866,7.1,27448.6
CUST084,TXN0042,Options,S&P500_Call,2024-11-03,15,19.85,297.75
CUST014,TXN0291,Options,Gold_Put,2024-11-03,25,47.23,1180.75
CUST078,TXN0031,Agriculture,Corn,2024-11-04,1114,12.05,13423.7
CUST073,TXN0150,Options,S&P500_Call,2024-11-04,18,37.45,674.1
CUST123,TXN0170,Options,Treasury_Put,2024-11-04,24,43.57,1045.68
CUST130,TXN0185,Futures,Natural_Gas,2024-11-04,6,4549.9,27299.4
CUST092,TXN0304,Options,Gold_Put,2024-11-04,10,8.22,82.2
CUST104,TXN0590,Futures,Natural_Gas,2024-11-04,1,729.59,729.59
CUST082,TXN0609,Options,Treasury_Put,2024-11-04,14,24.58,344.12
CUST128,TXN0054,Agriculture,Corn,2024-11-05,3234,14.66,47410.44
CUST012,TXN0194,Agriculture,Wheat,2024-11-05,4322,13.76,59470.72
CUST119,TXN0413,Options,Treasury_Put,2024-11-06,18,14.88,267.84
CUST089,TXN0525,Futures,Natural_Gas,2024-11-06,1,3436.19,3436.19
CUST111,TXN0644,Futures,Corn,2024-11-06,10,1233.6,12336
CUST085,TXN0268,Futures,Gold,2024-11-07,1,3249.89,3249.89
CUST014,TXN0402,Agriculture,Soybeans,2024-11-07,1922,12.62,24255.64
CUST015,TXN0064,Options,Oil_Call,2024-11-11,13,25.24,328.12
CUST003,TXN0669,Agriculture,Lean_Hogs,2024-11-11,4838,5.38,26028.44
CUST111,TXN0691,Futures,Natural_Gas,2024-11-11,4,4868.78,19475.12
CUST101,TXN0365,Agriculture,Soybeans,2024-11-12,1571,7.98,12536.58
CUST138,TXN0260,Options,Treasury_Put,2024-11-13,15,3.05,45.75
CUST131,TXN0301,Options,Oil_Call,2024-11-13,24,21.63,519.12
CUST088,TXN0643,Options,Gold_Put,2024-11-15,12,17.61,211.32
CUST103,TXN0651,Options,Gold_Put,2024-11-15,17,22.6,384.2
CUST058,TXN0118,Futures,Crude_Oil,2024-11-16,10,4619.41,46194.1
CUST033,TXN0294,Futures,Corn,2024-11-16,10,321.2,3212
CUST035,TXN0580,Options,Oil_Call,2024-11-16,2,16.91,33.82
CUST026,TXN0704,Options,S&P500_Call,2024-11-16,16,21.27,340.32
CUST093,TXN0012,Agriculture,Live_Cattle,2024-11-17,2212,9.79,21655.48
CUST097,TXN0700,Options,S&P500_Call,2024-11-17,5,14.47,72.35
CUST146,TXN0178,Options,S&P500_Call,2024-11-18,4,17.36,69.44
CUST129,TXN0550,Agriculture,Soybeans,2024-11-18,4943,5.26,26000.18
CUST065,TXN0567,Agriculture,Wheat,2024-11-18,3773,13.74,51841.02
CUST114,TXN0584,Futures,S&P500,2024-11-18,10,1380.53,13805.3
CUST010,TXN0207,Agriculture,Soybeans,2024-11-19,573,13.83,7924.59
CUST064,TXN0578,Futures,Natural_Gas,2024-11-19,6,625.11,3750.66
CUST099,TXN0718,Options,Gold_Put,2024-11-19,12,28.79,345.48
CUST077,TXN0086,Options,Treasury_Put,2024-11-20,3,16.61,49.83
CUST014,TXN0553,Options,Treasury_Put,2024-11-20,23,26.72,614.56
CUST068,TXN0672,Agriculture,Corn,2024-11-20,1129,14.86,16776.94
CUST128,TXN0683,Agriculture,Lean_Hogs,2024-11-20,916,14.13,12943.08
CUST020,TXN0705,Futures,Corn,2024-11-20,6,1907.51,11445.06
CUST009,TXN0379,Agriculture,Lean_Hogs,2024-11-21,491,5.59,2744.69
CUST127,TXN0277,Agriculture,Lean_Hogs,2024-11-22,1706,5.51,9400.06
CUST018,TXN0300,Agriculture,Soybeans,2024-11-22,1132,13.85,15678.2
CUST084,TXN0111,Options,S&P500_Call,2024-11-24,21,38.34,805.14
CUST038,TXN0577,Options,Gold_Put,2024-11-24,2,14.25,28.5
CUST100,TXN0656,Options,S&P500_Call,2024-11-24,15,18.1,271.5
CUST116,TXN0149,Options,Gold_Put,2024-11-25,2,11.36,22.72
CUST136,TXN0210,Agriculture,Soybeans,2024-11-25,3755,11.4,42807
CUST114,TXN0399,Agriculture,Wheat,2024-11-25,2701,4.61,12451.61
CUST074,TXN0010,Options,Gold_Put,2024-11-26,23,25.1,577.3
CUST093,TXN0102,Options,Oil_Call,2024-11-26,1,41.25,41.25
CUST046,TXN0587,Futures,Natural_Gas,2024-11-27,3,2478.07,7434.21
CUST055,TXN0389,Options,Gold_Put,2024-11-28,9,4.23,38.07
CUST126,TXN0270,Options,S&P500_Call,2024-11-29,21,39.58,831.18
CUST102,TXN0481,Options,Oil_Call,2024-11-30,6,34.71,208.26
CUST069,TXN0148,Agriculture,Corn,2024-12-01,459,6.95,3190.05
CUST028,TXN0563,Futures,Natural_Gas,2024-12-01,10,645.75,6457.5
CUST044,TXN0070,Futures,Natural_Gas,2024-12-02,8,1664.28,13314.24
CUST119,TXN0374,Options,Treasury_Put,2024-12-02,18,4.34,78.12
CUST041,TXN0091,Options,Gold_Put,2024-12-03,9,2.43,21.87
CUST138,TXN0490,Agriculture,Corn,2024-12-03,1799,12.04,21659.96
CUST116,TXN0706,Futures,Gold,2024-12-03,3,1528.84,4586.52
CUST076,TXN0745,Agriculture,Corn,2024-12-03,2085,7.24,15095.4
CUST054,TXN0320,Options,Treasury_Put,2024-12-04,12,12.77,153.24
CUST044,TXN0142,Agriculture,Lean_Hogs,2024-12-05,4714,12.87,60669.18
CUST029,TXN0095,Agriculture,Lean_Hogs,2024-12-06,4375,14.2,62125
CUST072,TXN0455,Futures,S&P500,2024-12-06,2,3346.37,6692.74
CUST085,TXN0541,Futures,Gold,2024-12-06,8,3347.71,26781.68
CUST053,TXN0074,Options,Treasury_Put,2024-12-07,25,25.64,641
CUST086,TXN0603,Agriculture,Soybeans,2024-12-07,1330,11.15,14829.5
CUST095,TXN0045,Futures,Crude_Oil,2024-12-10,8,4993.68,39949.44
CUST020,TXN0271,Agriculture,Corn,2024-12-10,3746,13.71,51357.66
CUST069,TXN0688,Agriculture,Wheat,2024-12-10,3497,6.69,23394.93
CUST125,TXN0171,Options,Oil_Call,2024-12-11,23,34.84,801.32
CUST060,TXN0256,Futures,S&P500,2024-12-11,10,2792.67,27926.7
CUST116,TXN0353,Agriculture,Wheat,2024-12-11,954,4.12,3930.48
CUST081,TXN0637,Options,Oil_Call,2024-12-11,23,48.72,1120.56
CUST137,TXN0377,Agriculture,Live_Cattle,2024-12-12,191,5.02,958.82
CUST110,TXN0044,Futures,Crude_Oil,2024-12-13,8,4479.04,35832.32
CUST065,TXN0392,Futures,Natural_Gas,2024-12-13,7,1655.55,11588.85
CUST083,TXN0447,Futures,S&P500,2024-12-13,6,4373.5,26241
CUST148,TXN0477,Futures,Gold,2024-12-13,7,1913.95,13397.65
CUST114,TXN0274,Futures,Gold,2024-12-14,5,3728.57,18642.85
CUST045,TXN0624,Agriculture,Soybeans,2024-12-14,3570,3.13,11174.1
CUST112,TXN0680,Options,Oil_Call,2024-12-14,23,42.41,975.43
CUST069,TXN0542,Futures,Corn,2024-12-15,8,2470.89,19767.12
CUST125,TXN0062,Futures,Natural_Gas,2024-12-16,9,3391.37,30522.33
CUST021,TXN0160,Options,Oil_Call,2024-12-16,5,8.28,41.4
CUST132,TXN0714,Options,Gold_Put,2024-12-17,7,13.25,92.75
CUST083,TXN0018,Options,Oil_Call,2024-12-18,23,14.3,328.9
CUST078,TXN0026,Futures,Crude_Oil,2024-12-18,3,1150.67,3452.01
CUST051,TXN0667,Options,Treasury_Put,2024-12-18,18,24.6,442.8
CUST100,TXN0073,Options,S&P500_Call,2024-12-19,4,40.61,162.44
CUST093,TXN0187,Options,Gold_Put,2024-12-19,10,31.47,314.7
CUST086,TXN0287,Futures,Natural_Gas,2024-12-19,4,4047.98,16191.92
CUST018,TXN0308,Options,Gold_Put,2024-12-20,23,33.73,775.79
CUST101,TXN0628,Futures,Natural_Gas,2024-12-20,2,3045.16,6090.32
CUST008,TXN0711,Options,Gold_Put,2024-12-20,24,11.77,282.48
CUST037,TXN0322,Futures,Gold,2024-12-21,7,998.82,6991.74
CUST121,TXN0622,Options,Oil_Call,2024-12-21,21,22.75,477.75
CUST090,TXN0420,Agriculture,Live_Cattle,2024-12-22,3116,10.62,33091.92
CUST048,TXN0573,Futures,Gold,2024-12-22,10,2880.89,28808.9
CUST053,TXN0211,Agriculture,Lean_Hogs,2024-12-23,3722,12.46,46376.12
CUST111,TXN0366,Options,Treasury_Put,2024-12-23,6,45.63,273.78
CUST041,TXN0368,Options,Oil_Call,2024-12-23,3,33.67,101.01
CUST123,TXN0422,Futures,S&P500,2024-12-23,1,3173.22,3173.22
CUST134,TXN0208,Options,Treasury_Put,2024-12-24,22,20.7,455.4
CUST064,TXN0549,Agriculture,Live_Cattle,2024-12-24,944,5.38,5078.72
CUST005,TXN0676,Options,Oil_Call,2024-12-24,4,25.6,102.4
CUST022,TXN0612,Agriculture,Live_Cattle,2024-12-25,1896,9.32,17670.72
CUST132,TXN0082,Options,Gold_Put,2024-12-26,21,44.16,927.36
CUST118,TXN0060,Futures,Crude_Oil,2024-12-27,5,925.5,4627.5
CUST095,TXN0516,Agriculture,Soybeans,2024-12-27,3526,11.14,39279.64
CUST083,TXN0127,Agriculture,Live_Cattle,2024-12-28,3241,11.24,36428.84
CUST004,TXN0593,Futures,Crude_Oil,2024-12-28,6,2734.73,16408.38
CUST136,TXN0749,Agriculture,Wheat,2024-12-28,2654,12.13,32193.02
CUST040,TXN0566,Futures,Gold,2024-12-30,9,998.95,8990.55
CUST037,TXN0664,Futures,S&P500,2024-12-30,5,2055.09,10275.45
CUST070,TXN0378,Futures,Corn,2024-12-31,4,1822.53,7290.12
CUST077,TXN0487,Agriculture,Soybeans,2024-12-31,620,4.19,2597.8
CUST053,TXN0503,Futures,S&P500,2024-12-31,4,4977.03,19908.12
CUST055,TXN0725,Agriculture,Soybeans,2025-01-01,2377,4.24,10078.48
CUST092,TXN0275,Futures,Crude_Oil,2025-01-02,5,4090.59,20452.95
CUST148,TXN0457,Agriculture,Corn,2025-01-02,3188,10.73,34207.24
CUST114,TXN0140,Options,Treasury_Put,2025-01-03,4,23.43,93.72
CUST050,TXN0419,Options,Oil_Call,2025-01-04,25,38.79,969.75
CUST017,TXN0384,Futures,Crude_Oil,2025-01-05,3,3994.77,11984.31
CUST101,TXN0692,Futures,Natural_Gas,2025-01-07,7,2174.06,15218.42
CUST040,TXN0415,Futures,Crude_Oil,2025-01-08,9,113.53,1021.77
CUST125,TXN0547,Futures,Corn,2025-01-08,3,1276.35,3829.05
CUST111,TXN0179,Options,Treasury_Put,2025-01-09,20,37.12,742.4
CUST087,TXN0240,Agriculture,Corn,2025-01-11,3729,14.5,54070.5
CUST067,TXN0110,Agriculture,Corn,2025-01-12,4586,7.22,33110.92
CUST013,TXN0218,Agriculture,Corn,2025-01-12,4789,8.38,40131.82
CUST077,TXN0221,Options,Gold_Put,2025-01-12,17,36,612
CUST095,TXN0461,Futures,S&P500,2025-01-12,10,4772.64,47726.4
CUST055,TXN0312,Futures,Corn,2025-01-13,6,3686.2,22117.2
CUST115,TXN0001,Agriculture,Corn,2025-01-14,3739,5.59,20901.01
CUST012,TXN0570,Agriculture,Corn,2025-01-14,1658,12.53,20774.74
CUST068,TXN0653,Agriculture,Corn,2025-01-14,567,10.45,5925.15
CUST041,TXN0358,Futures,Gold,2025-01-15,8,2705.44,21643.52
CUST096,TXN0416,Options,Treasury_Put,2025-01-15,13,46.36,602.68
CUST049,TXN0540,Options,S&P500_Call,2025-01-15,14,7.55,105.7
CUST116,TXN0673,Agriculture,Lean_Hogs,2025-01-16,1890,4.17,7881.3
CUST052,TXN0085,Options,Treasury_Put,2025-01-17,5,8.24,41.2
CUST028,TXN0538,Options,Treasury_Put,2025-01-17,12,8.93,107.16
CUST147,TXN0429,Options,Gold_Put,2025-01-18,7,14.18,99.26
CUST029,TXN0434,Options,Gold_Put,2025-01-18,2,10.1,20.2
CUST049,TXN0524,Agriculture,Corn,2025-01-18,4477,11.57,51798.89
CUST041,TXN0332,Options,Oil_Call,2025-01-19,5,27.98,139.9
CUST011,TXN0400,Agriculture,Live_Cattle,2025-01-19,2463,10.78,26551.14
CUST123,TXN0438,Options,S&P500_Call,2025-01-19,9,1.47,13.23
CUST033,TXN0303,Options,Treasury_Put,2025-01-21,21,26.14,548.94
CUST078,TXN0004,Options,Oil_Call,2025-01-22,19,4.24,80.56
CUST107,TXN0166,Agriculture,Wheat,2025-01-22,3827,6.77,25908.79
CUST122,TXN0344,Futures,Natural_Gas,2025-01-22,9,2955.67,26601.03
CUST006,TXN0396,Agriculture,Corn,2025-01-22,3610,6.71,24223.1
CUST081,TXN0206,Options,Gold_Put,2025-01-23,13,22.27,289.51
CUST109,TXN0039,Futures,Natural_Gas,2025-01-24,2,1176.39,2352.78
CUST084,TXN0055,Futures,S&P500,2025-01-24,2,3128.74,6257.48
CUST149,TXN0342,Agriculture,Corn,2025-01-24,4299,8.66,37229.34
CUST055,TXN0440,Agriculture,Corn,2025-01-24,4360,7.51,32743.6
CUST125,TXN0748,Futures,S&P500,2025-01-24,10,1082.87,10828.7
CUST026,TXN0591,Options,Treasury_Put,2025-01-25,1,2.02,2.02
CUST077,TXN0107,Futures,Gold,2025-01-27,6,4583.66,27501.96
CUST014,TXN0381,Agriculture,Corn,2025-01-27,3191,3.58,11423.78
CUST083,TXN0744,Agriculture,Live_Cattle,2025-01-27,2261,5.71,12910.31
CUST147,TXN0144,Futures,Corn,2025-01-28,4,4606.05,18424.2
CUST024,TXN0641,Agriculture,Soybeans,2025-01-28,1253,13.61,17053.33
CUST042,TXN0642,Agriculture,Lean_Hogs,2025-01-28,4386,14.91,65395.26
CUST098,TXN0151,Futures,Corn,2025-01-29,4,1313.06,5252.24
CUST036,TXN0340,Agriculture,Lean_Hogs,2025-01-29,169,13.95,2357.55
CUST079,TXN0519,Agriculture,Corn,2025-01-29,3430,14.37,49289.1
